hidden_layers,learning_rate,batch_size,validation_macro_f1
"(128, 64)",0.001,64,0.36131625344099116
"(128, 64)",0.001,128,0.3378448445695278
"(128, 64)",0.001,256,0.29674039540632996
"(128, 64)",0.0005,64,0.33760815197628724
"(128, 64)",0.0005,128,0.29645474308242814
"(128, 64)",0.0005,256,0.25310989275660456
"(128, 64)",0.0001,64,0.24085742477576683
"(128, 64)",0.0001,128,0.2080763140543634
"(128, 64)",0.0001,256,0.17394907906526053
"(256, 128)",0.001,64,0.391209439178532
"(256, 128)",0.001,128,0.36475117290473025
"(256, 128)",0.001,256,0.3335948036779149
"(256, 128)",0.0005,64,0.364700135468701
"(256, 128)",0.0005,128,0.3335103756203543
"(256, 128)",0.0005,256,0.2889570464139172
"(256, 128)",0.0001,64,0.2770496817204356
"(256, 128)",0.0001,128,0.23588047744507437
"(256, 128)",0.0001,256,0.20201954406106032
"(256, 256)",0.001,64,0.3869445740859969
"(256, 256)",0.001,128,0.3610997231261462
"(256, 256)",0.001,256,0.33578478544552814
"(256, 256)",0.0005,64,0.3622674237481994
"(256, 256)",0.0005,128,0.33562807974793013
"(256, 256)",0.0005,256,0.2908724194592223
"(256, 256)",0.0001,64,0.2774178441387211
"(256, 256)",0.0001,128,0.24236992486566084
"(256, 256)",0.0001,256,0.2022448259131419
